municipio,nombre
63001,Armenia
54001,Cúcuta
73001,Ibague
11001,Bogota D.C.
25473,Mosquera
17001,Manizales
25817,Tocancipá
05001,Medellín
68307,Girón
76001,Cali
23001,Montería
08001,Barranquilla
15001,Tunja
50001,Villavicencio
05400,La Unión
47001,Santa Marta
76520,Palmira
25175,Chía
05266,Envigado
05890,Yolombó
66001,Pereira
05380,La Estrella
73443,Mariquita
08573,Puerto Colombia
20001,Valledupar
08758,Soledad
25754,Soacha
05607,Retiro
76020,Alcala
05148,Carmen De Viboral
66170,Dosquebradas
70001,Sincelejo
13001,Cartagena
54874,Villa Del Rosario
52001,Pasto
05376,La Ceja
19001,Popayán
05088,Bello
41001,Neiva
25286,Funza
05364,Jardín
05360,Itagui
76147,Cartago
17013,Aguadas
05631,Sabaneta
68167,Charalá
05615,Rionegro
50606,Restrepo
73449,Melgar
68001,Bucaramanga
25402,La Vega
50573,Puerto Lopez
15759,Sogamoso
68276,Floridablanca
25126,Cajicá
63190,Circasia
25899,Zipaquirá
68406,Lebríja
25612,Ricaurte
76248,El Cerrito
76111,Buga
85250,Paz De Ariporo
05664,San Pedro
76400,La Unión
76364,Jamundí
41668,San Agustín
25322,Guasca
41551,Pitalito
05129,Caldas
25430,Madrid
68081,Barrancabermeja
05440,Marinilla
25307,Girardot
05887,Yarumal
52356,Ipiales
76130,Candelaria
08634,Sabanagrande
76834,Tuluá
44001,Riohacha
08638,Sabanalarga
15599,Ramiriquí
50450,Puerto Concordia
25290,Fusagasugá
05212,Copacabana
68547,Piedecuesta
73268,Espinal
47288,Fundacion
25099,Bojacá
76892,Yumbo
20011,Aguachica
08296,Galapa
76823,Toro
15238,Duitama
05045,Apartadó
25845,Une
25377,La Calera
25214,Cota
63130,Calarca
95001,San José Del Guaviare
85001,Yopal
13430,Magangué
23417,Lorica
63401,La Tebaida
13836,Turbaco
50006,Acacias
25799,Tenjo
25295,Gachancipá
54405,Los Patios
76275,Florida
68679,San Gil
41524,Palermo
68229,Curití
44430,Maicao
20621,La Paz
44650,San Juan Del Cesar
25513,Pacho
13052,Arjona
23162,Cereté
25758,Sopó
05318,Guarne
54498,Ocaña
25372,Junín
25260,El Rosal
94001,Inírida
25736,Sesquilé
05172,Chigorodó
05147,Carepa
17662,Samaná
25645,San Antonio De Tequendama
19573,Puerto Tejada
41615,Rivera
54172,Chinácota
50313,Granada
85300,Sabanalarga
08433,Malambo
08078,Baranoa
25386,La Mesa
63470,Montengro
15176,Chiquinquirá
05837,Turbo
70215,Corozal
25745,Simijaca
15516,Paipa
23660,Sahagún
68077,Barbosa
52320,Guaitarilla
08558,Polonuevo
76895,Zarzal
73349,Honda
18001,Florencia
05101,Ciudad Bolívar
68250,El Peñón
25245,El Colegio
85440,Villanueva
17380,La Dorada
66682,Santa Rosa De Cabal
54518,Pamplona
25269,Facatativá
20400,La Jagua De Ibirico
41885,Yaguará
50287,Fuente De Oro
05034,Andes
91001,Leticia
25777,Supatá
25599,Apulo
13468,Mompós
68655,Sabana De Torres
05284,Frontino
81001,Arauca
73678,San Luis
70418,Los Palmitos
05321,Guatape
25317,Guachetá
05154,Caucasia
05579,Puerto Berrio
73275,Flandes
68432,Málaga
08141,Candelaria
88001,San Andres
76828,Trujillo
23466,Montelíbano
76306,Ginebra
41016,Aipe
76736,Sevilla
41797,Tesalia
86320,Orito
17541,Pensilvania
70473,Morroa
05761,Sopetran
05697,Santuario
05197,Cocorná
18753,San Vicente Del Caguán
05674,San Vicente
50318,Guamal
76041,Ansermanuevo
15764,Soracá
15646,Samacá
05264,Entrerrios
73168,Chaparral
05656,San Jerónimo
25875,Villeta
05856,Valparaiso
25312,Granada
05660,San Luis
76318,Guacarí
25154,Carmen De Carupa
05686,Santa Rosa De Osos
76563,Pradera
25183,Chocontá
68755,Socorro
08832,Tubara
19212,Corinto
15299,Garagoa
68079,Barichara
17873,Villamaria
76122,Caicedonia
47245,El Banco
47555,Plato
50568,Puerto Gaitán
15693,San Rosa Viterbo
05038,Angostura
66088,Belén De Umbría
41801,Teruel
41396,La Plata
63594,Quimbaya
15572,Puerto Boyaca
54003,Abrego
52473,Mosquera
15814,Toca
19256,El Tambo
25035,Anapoima
05308,Girardota
52838,Tuquerres
17614,Riosucio
05079,Barbosa
68418,Los Santos
23555,Planeta Rica
27361,Itsmina
73148,Carmen De Apicalá
70742,Sincé
94884,Puerto Colombia
76622,Roldanillo
25843,Ubate
68895,Zapatoca
05042,Santafé De Antioquia
25658,San Francisco
05847,Urrao
19845,Villa Rica
73585,Purificación
20060,Bosconia
73624,Rovira
05789,Támesis
08685,Santo Tomas
05030,Amaga
17174,Chinchina
25649,San Bernardo
15407,Villa De Leyva
08137,Campo De La Cruz
25438,Medina
41359,Isnos
05756,Sonson
25483,Nariño
23189,Ciénaga De Oro
73483,Natagaima
05390,La Pintada
50223,San Luis De Cubarral
76126,Calima
50226,Cumaral
73671,Saldaña
41298,Garzón
44078,Barrancas
73319,Guamo
76670,San Pedro
86865,Valle Del Guamuez
85010,Aguazul
15051,Arcabuco
18592,Puerto Rico
25488,Nilo
85230,Orocué
85410,Tauramena
19455,Miranda
25805,Tibacuy
44847,Uribia
86001,Mocoa
17665,San José
76036,Andalucía
68575,Puerto Wilches
52317,Guachucal
47268,El Reten
27001,Quibdó
50689,San Martín
25426,Macheta
86568,Puerto Asis
25740,Sibaté
86885,Villa Garzon
15753,Soatá
81794,Tame
68549,Pinchote
15131,Caldas
70221,Coveñas
17088,Belalcázar
25772,Suesca
05368,Jericó
85162,Monterrey
18029,Albania
41132,Campoalegre
18410,La Montañita
70820,Santiago De Tolú
25053,Arbeláez
27787,Tadó
41020,Algeciras
15276,Floresta
41319,Guadalupe
05120,Cáceres
88564,Providencia Y Santa Catalina
81736,Saravena
25815,Tocaima
66400,La Virginia
17433,Manzanares
23586,Purísima
15455,Miraflores
41013,Agrado
63272,Filandia
15491,Nobsa
25001,Agua De Dios
54820,Toledo
15469,Moniquirá
15778,Sutatenza
18247,El Doncello
41306,Gigante
47189,Ciénaga
20550,Pelaya
05059,Armenia
05585,Puerto Nare
68327,Guepsa
25489,Nimaima
25873,Villapinzón
15087,Belén
19698,Santander De Quilichao
86573,Puerto Leguizamo
52110,Buesaco
15097,Boavita
19622,Rosas
15204,Cómbita
15879,Viracachá
73124,Cajamarca
19807,Timbio
17486,Neira
25785,Tabio
17042,Anserma
76250,El Dovio
99524,La Primavera
25769,Subachoque
68689,San Vicente De Chucurí
15187,Chivatá
54385,La Esperanza
52683,Sandoná
05145,Caramanta
73770,Suárez
54810,Tibú
15600,Ráquira
20750,San Diego
68615,Rionegro
25040,Anolaima
68147,Capitanejo
68872,Villanueva
25320,Guaduas
05665,San Pedro De Uraba
15183,Chita
76606,Restrepo
81065,Arauquita
19100,Bolívar
70110,Buenavista
68861,Vélez
73411,Libano
15322,Guateque
63690,Salento
17524,Palestina
17777,Supía
15272,Firavitoba
15806,Tibasosa
68385,Landázuri
68266,Enciso
05282,Fredonia
54480,Mutiscua
52427,Magui
86569,Puerto Caicedo
15842,Umbita
50110,Barranca De Upia
13688,Santa Rosa Del Sur
05642,Salgar
05893,Yondó
25486,Nemocon
41357,Iquira
47058,Ariguaní
15047,Aquitania
17653,Salamina
68235,El Carmen De Chucurí
20710,San Alberto
68669,San Andrés
44279,Fonseca
15507,Otanche
05647,San Andrés
15861,Ventaquemada
23182,Chinú
05310,Gómez Plata
76403,La Victoria
15403,La Uvita
76109,Buenaventura
20770,San Martín
68745,Simacota
73408,Lerida
76246,El Cairo
25151,Caqueza
20570,Pueblo Bello
54261,El Zulia
05483,Nariño
05541,Peñol
52399,La Union
19532,Patia
44378,Hatonuevo
54051,Arboledas
18205,Currillo
68370,Jordán
25148,Caparrapí
68502,Onzaga
54720,Sardinata
25279,Fomeque
15135,Campohermoso
20013,Agustín Codazzi
17444,Marquetalia
20238,El Copey
25530,Paratebueno
15696,Santa Sofía
17877,Viterbo
13744,Simití
50577,Puerto Lleras
05861,Venecia
20250,El Paso
25200,Cogua
15664,San José De Pare
73055,Armero
18785,Solita
15798,Tenza
68207,Concepción
05667,San Rafael
25743,Silvania
15480,Muzo
08372,Juan De Acosta
52227,Cumbal
17495,Norcasia
76869,Vijes
05237,Don Matias
44874,Villanueva
05819,Toledo
15522,Panqueba
25797,Tena
05361,Ituango
76100,Bolívar
18150,Cartagena Del Chairá
